id,active,name,type_id/id,addition,phrase,notes
phrase.phrase_EUH001,1,EUH001,phrase.product_phrase_type_EUH,0,In droge toestand ontplofbaar.,
phrase.phrase_EUH006,1,EUH006,phrase.product_phrase_type_EUH,0,Ontplofbaar met en zonder lucht.,
phrase.phrase_EUH014,1,EUH014,phrase.product_phrase_type_EUH,0,Reageert heftig met water.,
phrase.phrase_EUH018,1,EUH018,phrase.product_phrase_type_EUH,0,Kan bij gebruik een ontvlambaar/ontplofbaar damp-luchtmengsel vormen.,
phrase.phrase_EUH019,1,EUH019,phrase.product_phrase_type_EUH,0,Kan ontplofbare peroxiden vormen.,
phrase.phrase_EUH029,1,EUH029,phrase.product_phrase_type_EUH,0,Vormt giftig gas in contact met water.,
phrase.phrase_EUH031,1,EUH031,phrase.product_phrase_type_EUH,0,Vormt giftig gas in contact met zuren.,
phrase.phrase_EUH032,1,EUH032,phrase.product_phrase_type_EUH,0,Vormt zeer giftig gas in contact met zuren.,
phrase.phrase_EUH044,1,EUH044,phrase.product_phrase_type_EUH,0,Ontploffingsgevaar bij verwarming in afgesloten toestand.,
phrase.phrase_EUH059,1,EUH059,phrase.product_phrase_type_EUH,0,Gevaarlijk voor de ozonlaag.,
phrase.phrase_EUH066,1,EUH066,phrase.product_phrase_type_EUH,0,Herhaalde blootstelling kan een droge of een gebarsten huid veroorzaken.,
phrase.phrase_EUH070,1,EUH070,phrase.product_phrase_type_EUH,0,Giftig bij oogcontac.,
phrase.phrase_EUH071,1,EUH071,phrase.product_phrase_type_EUH,0,Bijtend voor de luchtwegen.,
phrase.phrase_EUH201/201A,1,EUH201/201A,phrase.product_phrase_type_EUH,0,Bevat lood. Mag niet worden gebruikt voor voorwerpen waarin kinderen kunnen bijten of waaraan kinderen kunnen zuigen. Let op! Bevat lood.
phrase.phrase_EUH203,1,EUH203,phrase.product_phrase_type_EUH,0,Bevat zeswaardig chroom. Kan een allergische reactie veroorzaken,
phrase.phrase_EUH204,1,EUH204,phrase.product_phrase_type_EUH,0,Bevat isocyanaten. Kan een allergische reactie veroorzaken.,
phrase.phrase_EUH205,1,EUH205,phrase.product_phrase_type_EUH,0,Bevat epoxyverbindingen. Kan een allergische reactie veroorzaken,
phrase.phrase_EUH206,1,EUH206,phrase.product_phrase_type_EUH,0,Let op! Niet in combinatie met andere producten gebruiken. Er kunnen gevaarlijke gassen (chloor) vrijkomen.,
phrase.phrase_EUH207,1,EUH207,phrase.product_phrase_type_EUH,0,Let op! Bevat cadmium. Bij het gebruik ontwikkelen zich gevaarlijke dampen. Zie de aanwijzingen van de fabrikant. Neem de veiligheidsvoorschriften in acht.,
phrase.phrase_EUH208,1,EUH208,phrase.product_phrase_type_EUH,0,Bevat ... Kan een allergische reactie veroorzaken,
phrase.phrase_EUH209/209A,1,EUH209/209A,phrase.product_phrase_type_EUH,0,Kan bij gebruik licht ontvlambaar worden. Kan bij gebruik ontvlambaar worden.,
phrase.phrase_EUH210,1,EUH210,phrase.product_phrase_type_EUH,0,Veiligheidsinformatieblad op verzoek verkrijgbaar.,
phrase.phrase_EUH401,1,EUH401,phrase.product_phrase_type_EUH,0,Volg de gebruiksaanwijzing om gevaar voor de menselijke gezondheid en het milieu te voorkomen.,
phrase.phrase_H200,1,H200,phrase.product_phrase_type_H,0,Instabiele ontplofbare stof.,
phrase.phrase_H201,1,H201,phrase.product_phrase_type_H,0,Ontplofbare stof; gevaar voor massa-explosie.,
phrase.phrase_H202,1,H202,phrase.product_phrase_type_H,0,Ontplofbare stof, ernstig gevaar voor scherfwerking.,
phrase.phrase_H203,1,H203,phrase.product_phrase_type_H,0,Ontplofbare stof; gevaar voor brand, luchtdrukwerking of scherfwerking.,
phrase.phrase_H204,1,H204,phrase.product_phrase_type_H,0,Gevaar voor brand of scherfwerking.,
phrase.phrase_H205,1,H205,phrase.product_phrase_type_H,0,Gevaar voor massa-explosie bij brand.,
phrase.phrase_H220,1,H220,phrase.product_phrase_type_H,0,Zeer licht ontvlambaar gas.,
phrase.phrase_H221,1,H221,phrase.product_phrase_type_H,0,Ontvlambaar gas. ,
phrase.phrase_H222,1,H222,phrase.product_phrase_type_H,0,Zeer licht ontvlambare aerosol.,
phrase.phrase_H223,1,H223,phrase.product_phrase_type_H,0,Ontvlambare aerosol.,
phrase.phrase_H224,1,H224,phrase.product_phrase_type_H,0,Zeer licht ontvlambare vloeistof en damp,
phrase.phrase_H225,1,H225,phrase.product_phrase_type_H,0,Licht ontvlambare vloeistof en damp.,
phrase.phrase_H226,1,H226,phrase.product_phrase_type_H,0,Ontvlambare vloeistof en damp.,
phrase.phrase_H228,1,H228,phrase.product_phrase_type_H,0,Ontvlambare vaste stof.,
phrase.phrase_H240,1,H240,phrase.product_phrase_type_H,0,Ontploffingsgevaar bij verwarming.,
phrase.phrase_H241,1,H241,phrase.product_phrase_type_H,0,Brand- of ontploffingsgevaar bij verwarming.,
phrase.phrase_H242,1,H242,phrase.product_phrase_type_H,0,Brandgevaar bij verwarming.,
phrase.phrase_H250,1,H250,phrase.product_phrase_type_H,0,Vat spontaan vlam bij blootstelling aan lucht.,
phrase.phrase_H251,1,H251,phrase.product_phrase_type_H,0,Vatbaar voor zelfverhitting: kan vlam vatten.,
phrase.phrase_H252,1,H252,phrase.product_phrase_type_H,0,In grote hoeveelheden vatbaar voor zelfverhitting; kan vlam vatten.,
phrase.phrase_H260,1,H260,phrase.product_phrase_type_H,0,In contact met water komen ontvlambare gassen vrij die spontaan kunnen ontbranden.,
phrase.phrase_H261,1,H261,phrase.product_phrase_type_H,0,In contact met water komen ontvlambare gassen vrij.,
phrase.phrase_H270,1,H270,phrase.product_phrase_type_H,0,Kan brand veroorzaken of bevorderen; oxiderend.,
phrase.phrase_H271,1,H271,phrase.product_phrase_type_H,0,Kan brand of ontploffingen veroorzaken; sterk oxiderend.,
phrase.phrase_H272,1,H272,phrase.product_phrase_type_H,0,Kan brand bevorderen; oxiderend.,
phrase.phrase_H280,1,H280,phrase.product_phrase_type_H,0,Bevat gas onder druk; kan ontploffen bij verwarming.,
phrase.phrase_H281,1,H281,phrase.product_phrase_type_H,0,Bevat sterk gekoeld gas; kan cryogene brandwonden of letsel veroorzaken.,
phrase.phrase_H290,1,H290,phrase.product_phrase_type_H,0,Kan bijtend zijn voor metalen.,
phrase.phrase_H300,1,H300,phrase.product_phrase_type_H,0,Dodelijk bij inslikken.,
phrase.phrase_H300/310/330,1,H300/310/330,phrase.product_phrase_type_H,0,Dodelijk bij inslikken, bij contact met de huid en bij inademing,
phrase.phrase_H300/330,1,H300/330,phrase.product_phrase_type_H,0,Dodelijk bij inslikken en bij inademing.,
phrase.phrase_H301 + H311,1,H301 + H311,phrase.product_phrase_type_H,0,Giftig bij inslikken en bij contact met de huid,
phrase.phrase_H301,1,H301,phrase.product_phrase_type_H,0,Giftig bij inslikken.,
phrase.phrase_H301/311/331,1,H301/311/331,phrase.product_phrase_type_H,0,Giftig bij inslikken, bij contact met de huid en bij inademing.,
phrase.phrase_H302,1,H302,phrase.product_phrase_type_H,0,Schadelijk bij inslikken.,
phrase.phrase_H302/312,1,H302/312,phrase.product_phrase_type_H,0,Schadelijk bij inslikken en bij contact met de huid,
phrase.phrase_H302/312/332,1,H302/312/332,phrase.product_phrase_type_H,0,Schadelijk bij inslikken, bij contact met de huid en bij inademing.,
phrase.phrase_H302/332,1,H302/332,phrase.product_phrase_type_H,0,Schadelijk bij inslikken of inademen.,
phrase.phrase_H304,1,H304,phrase.product_phrase_type_H,0,Kan dodelijk zijn als de stof bij inslikken in de luchtwegen terechtkomt.,
phrase.phrase_H310 + H330,1,H310 + H330,phrase.product_phrase_type_H,0,Dodelijk bij contact met de huid en bij inademing,
phrase.phrase_H310,1,H310,phrase.product_phrase_type_H,0,Dodelijk bij contact met de huid.,
phrase.phrase_H311,1,H311,phrase.product_phrase_type_H,0,Giftig bij contact met de huid.,
phrase.phrase_H311/H331,1,H311/H331,phrase.product_phrase_type_H,0,Giftig bij contact met de huid en bij inademing,
phrase.phrase_H312,1,H312,phrase.product_phrase_type_H,0,Schadelijk bij contact met de huid.,
phrase.phrase_H312/H332,1,H312/H332,phrase.product_phrase_type_H,0,Schadelijk bij contact met de huid en bij inademing,
phrase.phrase_H314,1,H314,phrase.product_phrase_type_H,0,Veroorzaakt ernstige brandwonden en oogletsel.,
phrase.phrase_H315,1,H315,phrase.product_phrase_type_H,0,Veroorzaakt huidirritatie.,
phrase.phrase_H317,1,H317,phrase.product_phrase_type_H,0,Kan een allergische huidreactie veroorzaken.,
phrase.phrase_H318,1,H318,phrase.product_phrase_type_H,0,Veroorzaakt ernstig oogletsel.,
phrase.phrase_H319,1,H319,phrase.product_phrase_type_H,0,Veroorzaakt ernstige oogirritatie.,
phrase.phrase_H330,1,H330,phrase.product_phrase_type_H,0,Dodelijk bij inademing.,
phrase.phrase_H331,1,H331,phrase.product_phrase_type_H,0,Giftig bij inademing.,
phrase.phrase_H332,1,H332,phrase.product_phrase_type_H,0,Schadelijk bij inademing.,
phrase.phrase_H334,1,H334,phrase.product_phrase_type_H,0,Kan bij inademing allergie- of astmasymptomen of ademhalingsmoeilijkheden veroorzaken.,
phrase.phrase_H335,1,H335,phrase.product_phrase_type_H,0,Kan irritatie van de luchtwegen veroorzaken.,
phrase.phrase_H335/336,1,H335/336,phrase.product_phrase_type_H,0,Kan ademhalingsirritatie, slaperigheid of duizeligheid veroorzaken.,
phrase.phrase_H336,1,H336,phrase.product_phrase_type_H,0,Kan slaperigheid of duizeligheid veroorzaken.,
phrase.phrase_H340,1,H340,phrase.product_phrase_type_H,0,Kan genetische schade veroorzaken...,
phrase.phrase_H341,1,H341,phrase.product_phrase_type_H,0,Verdacht van het veroorzaken van genetische schade ...,
phrase.phrase_H350,1,H350,phrase.product_phrase_type_H,0,Kan kanker veroorzaken...,
phrase.phrase_H351,1,H351,phrase.product_phrase_type_H,0,Verdacht van het veroorzaken van kanker...,
phrase.phrase_H360,1,H360,phrase.product_phrase_type_H,0,Kan de vruchtbaarheid of het ongeboren kind schaden...,
phrase.phrase_H361,1,H361,phrase.product_phrase_type_H,0,Kan mogelijks de vruchtbaarheid of het ongeboren kind schaden ,
phrase.phrase_H361d,1,H361d,phrase.product_phrase_type_H,0,Wordt ervan verdacht het ongeboren kind te schaden,
phrase.phrase_H361f,1,H361f,phrase.product_phrase_type_H,0,Wordt ervan verdacht de vruchtbaarheid te schaden,
phrase.phrase_H362,1,H362,phrase.product_phrase_type_H,0,Kan schadelijk zijn via borstvoeding.,
phrase.phrase_H370,1,H370,phrase.product_phrase_type_H,0,Veroorzaakt schade aan organen...,
phrase.phrase_H371,1,H371,phrase.product_phrase_type_H,0,Kan schade aan organen veroorzaken ...,
phrase.phrase_H372,1,H372,phrase.product_phrase_type_H,0,Veroorzaakt schade aan organen...,
phrase.phrase_H373,1,H373,phrase.product_phrase_type_H,0,Kan schade aan organen veroorzaken...,
phrase.phrase_H400,1,H400,phrase.product_phrase_type_H,0,Zeer giftig voor in het water levende organismen.,
phrase.phrase_H410,1,H410,phrase.product_phrase_type_H,0,Zeer giftig voor in het water levende organismen, met langdurige gevolgen.,
phrase.phrase_H411,1,H411,phrase.product_phrase_type_H,0,Giftig voor in het water levende organismen, met langdurige gevolgen.,
phrase.phrase_H412,1,H412,phrase.product_phrase_type_H,0,Schadelijk voor in het water levende organismen, met langdurige gevolgen.,
phrase.phrase_H413,1,H413,phrase.product_phrase_type_H,0,Kan langdurige schadelijke gevolgen voor in het water levende organismen hebben.,
phrase.phrase_K1,1,K1,phrase.product_phrase_type_X,0,Kankerverwekkend,Registreren
phrase.phrase_P101,1,P101,phrase.product_phrase_type_P,0,Bij het inwinnen van medisch advies, de verpakking of het etiket ter beschikking houden.,
phrase.phrase_P102,1,P102,phrase.product_phrase_type_P,0,Buiten het bereik van kinderen houden.,
phrase.phrase_P103,1,P103,phrase.product_phrase_type_P,0,Alvorens te gebruiken, het etiket lezen.,
phrase.phrase_P201,1,P201,phrase.product_phrase_type_P,0,Alvorens te gebruiken de speciale aanwijzingen raadplegen.,
phrase.phrase_P202,1,P202,phrase.product_phrase_type_P,0,Pas gebruiken nadat u alle veiligheidsvoorschriften gelezen en begrepen heeft,
phrase.phrase_P210,1,P210,phrase.product_phrase_type_P,0,Verwijderd houden van warmte/vonken/open vuur/hete oppervlakken. — Niet roken.,
phrase.phrase_P211,1,P211,phrase.product_phrase_type_P,0,Niet in een open vuur of op andere ontstekingsbronnen spuiten.,
phrase.phrase_P220,1,P220,phrase.product_phrase_type_P,0,Van kleding/…/brandbare stoffen verwijderd houden/bewaren.,
phrase.phrase_P221,1,P221,phrase.product_phrase_type_P,0,Vermenging met brandbare stoffen… absoluut vermijden.,
phrase.phrase_P222,1,P222,phrase.product_phrase_type_P,0,Contact met de lucht vermijden.,
phrase.phrase_P223,1,P223,phrase.product_phrase_type_P,0,Contact met water vermijden in verband met een heftige reactie en een mogelijke wolkbrand.,
phrase.phrase_P230,1,P230,phrase.product_phrase_type_P,0,Vochtig houden met…,
phrase.phrase_P231,1,P231,phrase.product_phrase_type_P,0,Onder inert gas werken.,
phrase.phrase_P231/232,1,P231/232,phrase.product_phrase_type_P,0,Onder inert gas werken. Tegen vocht beschermen.,
phrase.phrase_P232,1,P232,phrase.product_phrase_type_P,0,Tegen vocht beschermen.,
phrase.phrase_P233,1,P233,phrase.product_phrase_type_P,0,In goed gesloten verpakking bewaren.,
phrase.phrase_P234,1,P234,phrase.product_phrase_type_P,0,Uitsluitend in de oorspronkelijke verpakking bewaren.,
phrase.phrase_P235,1,P235,phrase.product_phrase_type_P,0,Koel bewaren.,
phrase.phrase_P235/410,1,P235/410,phrase.product_phrase_type_P,0,Koel bewaren. Tegen zonlicht beschermen.,
phrase.phrase_P240,1,P240,phrase.product_phrase_type_P,0,Opslag- en opvangreservoir aarden.,
phrase.phrase_P241,1,P241,phrase.product_phrase_type_P,0,Explosieveilige elektrische/ventilatie-/verlichtings-/…apparatuur gebruiken.,
phrase.phrase_P242,1,P242,phrase.product_phrase_type_P,0,Uitsluitend vonkvrij gereedschap gebruiken.,
phrase.phrase_P243,1,P243,phrase.product_phrase_type_P,0,Voorzorgsmaatregelen treffen tegen ontladingen van statische elektriciteit.,
phrase.phrase_P244,1,P244,phrase.product_phrase_type_P,0,Reduceerventielen vrij van olie en vet houden,
phrase.phrase_P250,1,P250,phrase.product_phrase_type_P,0,Malen/schokken/…/wrijving vermijden.,
phrase.phrase_P251,1,P251,phrase.product_phrase_type_P,0,Houder onder druk: ook na gebruik niet doorboren of verbranden.,
phrase.phrase_P260,1,P260,phrase.product_phrase_type_P,0,Stof/rook/gas/nevel/damp/spuitnevel niet inademen.,
phrase.phrase_P261,1,P261,phrase.product_phrase_type_P,0,Inademing van stof/rook/gas/nevel/damp/spuitnevel vermijden.,
phrase.phrase_P262,1,P262,phrase.product_phrase_type_P,0,Contact met de ogen, de huid of de kleding vermijden.,
phrase.phrase_P263,1,P263,phrase.product_phrase_type_P,0,Bij zwangerschap of borstvoeding aanraking vermijden.,
phrase.phrase_P264,1,P264,phrase.product_phrase_type_P,0,Na het werken met dit product … grondig wassen.,
phrase.phrase_P270,1,P270,phrase.product_phrase_type_P,0,Niet eten, drinken of roken tijdens het gebruik van dit product.,
phrase.phrase_P271,1,P271,phrase.product_phrase_type_P,0,Alleen buiten of in een goed geventileerde ruimte gebruiken.,
phrase.phrase_P272,1,P272,phrase.product_phrase_type_P,0,Verontreinigde werkkleding mag de werkruimte niet verlaten.,
phrase.phrase_P273,1,P273,phrase.product_phrase_type_P,0,Voorkom lozing in het milieu.,
phrase.phrase_P280,1,P280,phrase.product_phrase_type_P,0,Beschermende handschoenen/beschermende kleding/oogbescherming/gelaatsbescherming dragen.,
phrase.phrase_P281,1,P281,phrase.product_phrase_type_P,0,De nodige persoonlijke beschermingsuitrusting gebruiken.,
phrase.phrase_P282,1,P282,phrase.product_phrase_type_P,0,Koude-isolerende handschoenen/gelaatsbescherming/oogbescherming dragen.,
phrase.phrase_P283,1,P283,phrase.product_phrase_type_P,0,Vuur/vlambestendige/brandwerende kleding dragen.,
phrase.phrase_P284,1,P284,phrase.product_phrase_type_P,0,Adembescherming dragen.,
phrase.phrase_P285,1,P285,phrase.product_phrase_type_P,0,Bij ontoereikende ventilatie een geschikte adembescherming dragen.,
phrase.phrase_P301,1,P301,phrase.product_phrase_type_P,0,NA INSLIKKEN: ...,
phrase.phrase_P301/310,1,P301/310,phrase.product_phrase_type_P,0,NA INSLIKKEN: onmiddellijk een ANTIGIFCENTRUM of een arts raadplegen.,
phrase.phrase_P301/312,1,P301/312,phrase.product_phrase_type_P,0,NA INSLIKKEN: bij onwel voelen een ANTIGIFCENTRUM of een arts raadplegen.,
phrase.phrase_P301/330/331,1,P301/330/331,phrase.product_phrase_type_P,0,NA INSLIKKEN: de mond spoelen — GEEN braken opwekken.,
phrase.phrase_P302,1,P302,phrase.product_phrase_type_P,0,BIJ CONTACT MET DE HUID: ...,
phrase.phrase_P302/334,1,P302/334,phrase.product_phrase_type_P,0,BIJ CONTACT MET DE HUID: in koud water onderdompelen/nat verband aanbrengen,
phrase.phrase_P302/350,1,P302/350,phrase.product_phrase_type_P,0,BIJ CONTACT MET DE HUID: voorzichtig wassen met veel water en zeep.,
phrase.phrase_P302/352,1,P302/352,phrase.product_phrase_type_P,0,BIJ CONTACT MET DE HUID: met veel water en zeep wassen.,
phrase.phrase_P303,1,P303,phrase.product_phrase_type_P,0,BIJ CONTACT MET DE HUID (of het haar):...,
phrase.phrase_P303/361/353,1,P303/361/353,phrase.product_phrase_type_P,0,BIJ CONTACT MET DE HUID (of het haar): verontreinigde kleding onmiddellijk uittrekken - huid met water afspoelen/afdouchen.,
phrase.phrase_P304,1,P304,phrase.product_phrase_type_P,0,NA INADEMING: ...,
phrase.phrase_P304/340,1,P304/340,phrase.product_phrase_type_P,0,NA INADEMING: het slachtoffer in de frisse lucht brengen en laten rusten in een houding die het ademen vergemakkelijkt.,
phrase.phrase_P304/341,1,P304/341,phrase.product_phrase_type_P,0,NA INADEMING: bij ademhalingsmoeilijkheden het slachtoffer in de frisse lucht brengen en laten rusten in een houding die het ademen vergemakkelijkt.,
phrase.phrase_P305,1,P305,phrase.product_phrase_type_P,0,BIJ CONTACT MET DE OGEN: ...,
phrase.phrase_P305/351/338,1,P305/351/338,phrase.product_phrase_type_P,0,BIJ CONTACT MET DE OGEN: voorzichtig afspoelen met water gedurende een aantal minuten; contactlenzen verwijderen, indien mogelijk; blijven spoelen.,
phrase.phrase_P306,1,P306,phrase.product_phrase_type_P,0,NA MORSEN OP KLEDING: ...,
phrase.phrase_P306/360,1,P306/360,phrase.product_phrase_type_P,0,NA MORSEN OP KLEDING: verontreinigde kleding en huid onmiddellijk met veel water afspoelen en pas daarna kleding uittrekken.,
phrase.phrase_P307,1,P307,phrase.product_phrase_type_P,0,NA blootstelling: ...,
phrase.phrase_P307/310,1,P307/310,phrase.product_phrase_type_P,0,NA blootstelling: Onmiddelijk een ANTIGIFCENTRUM of een arts raadplegen.,
phrase.phrase_P307/311,1,P307/311,phrase.product_phrase_type_P,0,NA blootstelling: een ANTIGIFCENTRUM of een arts raadplegen.,
phrase.phrase_P308,1,P308,phrase.product_phrase_type_P,0,NA (mogelijke) blootstelling: ...,
phrase.phrase_P308/310,1,P308/310,phrase.product_phrase_type_P,0,NA (mogelijke) blootstelling: Onmiddelijk een ANTIGIFCENTRUM of een arts raadplegen.,
phrase.phrase_P308/313,1,P308/313,phrase.product_phrase_type_P,0,NA (mogelijke) blootstelling: een arts raadplegen.,
phrase.phrase_P309,1,P309,phrase.product_phrase_type_P,0,NA blootstelling of bij onwel voelen: ...,
phrase.phrase_P309/310,1,P309/310,phrase.product_phrase_type_P,0,NA blootstelling of bij onwel voelen: onmiddellijk een ANTIGIFCENTRUM of een arts raadplegen.,
phrase.phrase_P309/311,1,P309/311,phrase.product_phrase_type_P,0,NA blootstelling of bij onwel voelen: een ANTIGIFCENTRUM of een arts raadplegen.,
phrase.phrase_P310,1,P310,phrase.product_phrase_type_P,0,Onmiddellijk een ANTIGIFCENTRUM of een arts raadplegen.,
phrase.phrase_P311,1,P311,phrase.product_phrase_type_P,0,Een ANTIGIFCENTRUM of een arts raadplegen.,
phrase.phrase_P312,1,P312,phrase.product_phrase_type_P,0,Bij onwel voelen een ANTIGIFCENTRUM of een arts raadplegen.,
phrase.phrase_P313,1,P313,phrase.product_phrase_type_P,0,Een arts raadplegen.,
phrase.phrase_P314,1,P314,phrase.product_phrase_type_P,0,Bij onwel voelen een arts raadplegen.,
phrase.phrase_P315,1,P315,phrase.product_phrase_type_P,0,Onmiddellijk een arts raadplegen.,
phrase.phrase_P320,1,P320,phrase.product_phrase_type_P,0,Specifieke behandeling dringend vereist.... ,
phrase.phrase_P321,1,P321,phrase.product_phrase_type_P,0,Specifieke behandeling vereist ... ,
phrase.phrase_P322,1,P322,phrase.product_phrase_type_P,0,Specifieke maatregelen...,
phrase.phrase_P330,1,P330,phrase.product_phrase_type_P,0,De mond spoelen.,
phrase.phrase_P331,1,P331,phrase.product_phrase_type_P,0,GEEN braken opwekken.,
phrase.phrase_P332,1,P332,phrase.product_phrase_type_P,0,Bij huidirritatie: ...,
phrase.phrase_P332/313,1,P332/313,phrase.product_phrase_type_P,0,Bij huidirritatie: een arts raadplegen.,
phrase.phrase_P333,1,P333,phrase.product_phrase_type_P,0,Bij huidirritatie of uitslag: ...,
phrase.phrase_P333/313,1,P333/313,phrase.product_phrase_type_P,0,Bij huidirritatie of uitslag: een arts raadplegen.,
phrase.phrase_P334,1,P334,phrase.product_phrase_type_P,0,In koud water onderdompelen/nat verband aanbrengen.,
phrase.phrase_P335,1,P335,phrase.product_phrase_type_P,0,Losse deeltjes van de huid afvegen.,
phrase.phrase_P335/334,1,P335/334,phrase.product_phrase_type_P,0,Losse deeltjes van de huid afvegen. In koud water onderdompelen/nat verband aanbrengen.,
phrase.phrase_P336,1,P336,phrase.product_phrase_type_P,0,Bevroren lichaamsdelen met lauw water ontdooien. Niet wrijven op de betrokken plaatsen.,
phrase.phrase_P337,1,P337,phrase.product_phrase_type_P,0,Bij aanhoudende oogirritatie: ...,
phrase.phrase_P337/313,1,P337/313,phrase.product_phrase_type_P,0,Bij aanhoudende oogirritatie: een arts raadplegen.,
phrase.phrase_P338,1,P338,phrase.product_phrase_type_P,0,Contactlenzen verwijderen, indien mogelijk. Blijven spoelen.,
phrase.phrase_P340,1,P340,phrase.product_phrase_type_P,0,Het slachtoffer in de frisse lucht brengen en laten rusten in een houding die het ademen vergemakkelijkt.,
phrase.phrase_P341,1,P341,phrase.product_phrase_type_P,0,Bij ademhalingsmoeilijkheden het slachtoffer in de frisse lucht brengen en laten rusten in een houding die het ademen vergemakkelijkt.,
phrase.phrase_P342,1,P342,phrase.product_phrase_type_P,0,Bij ademhalingssymptomen: ...,
phrase.phrase_P342/311,1,P342/311,phrase.product_phrase_type_P,0,Bij ademhalingssymptomen: een ANTIGIFCENTRUM of een arts raadplegen.,
phrase.phrase_P350,1,P350,phrase.product_phrase_type_P,0,Voorzichtig wassen met veel water en zeep.,
phrase.phrase_P351,1,P351,phrase.product_phrase_type_P,0,Voorzichtig afspoelen met water gedurende een aantal minuten.,
phrase.phrase_P352,1,P352,phrase.product_phrase_type_P,0,Met veel water en zeep wassen.,
phrase.phrase_P353,1,P353,phrase.product_phrase_type_P,0,Huid met water afspoelen/afdouchen.,
phrase.phrase_P360,1,P360,phrase.product_phrase_type_P,0,Verontreinigde kleding en huid onmiddellijk met veel water afspoelen en pas daarna kleding uittrekken.,
phrase.phrase_P361,1,P361,phrase.product_phrase_type_P,0,Verontreinigde kleding onmiddellijk uittrekken.,
phrase.phrase_P362,1,P362,phrase.product_phrase_type_P,0,Verontreinigde kleding uittrekken en wassen alvorens deze opnieuw te gebruiken.,
phrase.phrase_P363,1,P363,phrase.product_phrase_type_P,0,Verontreinigde kleding wassen alvorens deze opnieuw te gebruiken.,
phrase.phrase_P370,1,P370,phrase.product_phrase_type_P,0,In geval van brand: ...,
phrase.phrase_P370/376,1,P370/376,phrase.product_phrase_type_P,0,In geval van brand: blussen met …,
phrase.phrase_P370/378,1,P370/378,phrase.product_phrase_type_P,0,In geval van brand: blussen met …,
phrase.phrase_P370/380,1,P370/380,phrase.product_phrase_type_P,0,In geval van brand: evacueren.,
phrase.phrase_P370/380/375,1,P370/380/375,phrase.product_phrase_type_P,0,In geval van brand: evacueren. Op afstand blussen omwille van ontploffingsgevaar.,
phrase.phrase_P371,1,P371,phrase.product_phrase_type_P,0,In geval van grote brand en grote hoeveelheden: ...,
phrase.phrase_P371/380/375,1,P371/380/375,phrase.product_phrase_type_P,0,In geval van grote brand en grote hoeveelheden: evacueren. Op afstand blussen omwille van ontploffingsgevaar.,
phrase.phrase_P372,1,P372,phrase.product_phrase_type_P,0,Ontploffingsgevaar in geval van brand.,
phrase.phrase_P373,1,P373,phrase.product_phrase_type_P,0,NIET blussen wanneer het vuur de ontplofbare stoffen bereikt.,
phrase.phrase_P374,1,P374,phrase.product_phrase_type_P,0,Met normale voorzorgen vanaf een redelijke afstand blussen.,
phrase.phrase_P375,1,P375,phrase.product_phrase_type_P,0,Op afstand blussen omwille van ontploffingsgevaar,
phrase.phrase_P376,1,P376,phrase.product_phrase_type_P,0,Het lek dichten als dat veilig gedaan kan worden.,
phrase.phrase_P377,1,P377,phrase.product_phrase_type_P,0,Brand door lekkend gas: niet blussen, tenzij het lek veilig gedicht kan worden.,
phrase.phrase_P378,1,P378,phrase.product_phrase_type_P,0,Blussen met …,
phrase.phrase_P380,1,P380,phrase.product_phrase_type_P,0,Evacueren.,
phrase.phrase_P381,1,P381,phrase.product_phrase_type_P,0,Alle ontstekingsbronnen wegnemen als dat veilig gedaan kan worden.,
phrase.phrase_P390,1,P390,phrase.product_phrase_type_P,0,Gelekte/gemorste stof opnemen om materiële schade te vermijden.,
phrase.phrase_P391,1,P391,phrase.product_phrase_type_P,0,Gelekte/gemorste stof opruimen.,
phrase.phrase_P401,1,P401,phrase.product_phrase_type_P,0,… bewaren.,
phrase.phrase_P402,1,P402,phrase.product_phrase_type_P,0,Op een droge plaats bewaren.,
phrase.phrase_P402/404,1,P402/404,phrase.product_phrase_type_P,0,Op een droge plaats bewaren. In gesloten verpakking bewaren.,
phrase.phrase_P403,1,P403,phrase.product_phrase_type_P,0,Op een goed geventileerde plaats bewaren.,
phrase.phrase_P403/233,1,P403/233,phrase.product_phrase_type_P,0,Op een goed geventileerde plaats bewaren. In goed gesloten verpakking bewaren.,
phrase.phrase_P403/235,1,P403/235,phrase.product_phrase_type_P,0,Op een goed geventileerde plaats bewaren. Koel bewaren.,
phrase.phrase_P404,1,P404,phrase.product_phrase_type_P,0,In gesloten verpakking bewaren.,
phrase.phrase_P405,1,P405,phrase.product_phrase_type_P,0,Achter slot bewaren.,
phrase.phrase_P406,1,P406,phrase.product_phrase_type_P,0,In corrosiebestendige/… houder met corrosiebestendige binnenbekleding bewaren.,
phrase.phrase_P407,1,P407,phrase.product_phrase_type_P,0,Ruimte laten tussen stapels/pallets.,
phrase.phrase_P410,1,P410,phrase.product_phrase_type_P,0,Tegen zonlicht beschermen.,
phrase.phrase_P410/403,1,P410/403,phrase.product_phrase_type_P,0,Tegen zonlicht beschermen. Op een goed geventileerde plaats bewaren.,
phrase.phrase_P410/412,1,P410/412,phrase.product_phrase_type_P,0,Tegen zonlicht beschermen. Niet blootstellen aan temperaturen boven 50 oC/122oF.,
phrase.phrase_P411,1,P411,phrase.product_phrase_type_P,0,Bij maximaal … oC/…oF bewaren.,
phrase.phrase_P411/235,1,P411/235,phrase.product_phrase_type_P,0,Bij maximaal … oC/…oF bewaren. Koel bewaren.,
phrase.phrase_P412,1,P412,phrase.product_phrase_type_P,0,Niet blootstellen aan temperaturen boven 50 oC/122oF,
phrase.phrase_P413,1,P413,phrase.product_phrase_type_P,0,Bulkmateriaal, indien meer dan … kg/… lbs, bij temperaturen van maximaal … oC bewaren.,
phrase.phrase_P420,1,P420,phrase.product_phrase_type_P,0,Gescheiden van ander materiaal bewaren.,
phrase.phrase_P422,1,P422,phrase.product_phrase_type_P,0,Onder … bewaren.,
phrase.phrase_P501,1,P501,phrase.product_phrase_type_P,0,Inhoud/verpakking afvoeren naar …,
phrase.phrase_R,1,R,phrase.product_phrase_type_X,1,REPROTOXISCH,
phrase.phrase_R1,0,R1,phrase.product_phrase_type_R,0,In droge toestand ontplofbaar,
phrase.phrase_R10,0,R10,phrase.product_phrase_type_R,0,Ontvlambaar.,
phrase.phrase_R11,0,R11,phrase.product_phrase_type_R,0,Licht ontvlambaar.,
phrase.phrase_R12,0,R12,phrase.product_phrase_type_R,0,Zeer licht ontvlambaar.,
phrase.phrase_R13,0,R13,phrase.product_phrase_type_R,0,Zeer licht ontvlambaar vloeibaar gas (vervallen; L 110 A; 4/5/93),
phrase.phrase_R14,0,R14,phrase.product_phrase_type_R,0,Reageert heftig met water.,
phrase.phrase_R14/15,0,R14/15,phrase.product_phrase_type_R,0,Reageert heftig met water en vormt daarbij licht ontvlambaar gas.,
phrase.phrase_R15,0,R15,phrase.product_phrase_type_R,0,Vormt licht ontvlambaar gas in contact met water.,
phrase.phrase_R15/29,0,R15/29,phrase.product_phrase_type_R,0,Vormt vergiftig en zeer licht ontvlambaar gas in contact met water.,
phrase.phrase_R16,0,R16,phrase.product_phrase_type_R,0,Ontploffingsgevaar bij menging met oxyderende stoffen.,
phrase.phrase_R17,0,R17,phrase.product_phrase_type_R,0,Spontaan ontvlambaar in lucht.,
phrase.phrase_R18,0,R18,phrase.product_phrase_type_R,0,Kan bij gebruik een ontvlambaar/ontplofbaar damp/luchtmengsel vormen.,
phrase.phrase_R19,0,R19,phrase.product_phrase_type_R,0,Kan ontplofbare peroxiden vormen.,
phrase.phrase_R2,0,R2,phrase.product_phrase_type_R,0,Ontploffingsgevaar door schok; wrijving; vuur of andere ontstekingsoorzaken.,
phrase.phrase_R20,0,R20,phrase.product_phrase_type_R,0,Schadelijk bij inademing.,
phrase.phrase_R20/21,0,R20/21,phrase.product_phrase_type_R,0,Schadelijk bij inademing en bij aanraking met de huid.,
phrase.phrase_R20/21/22,0,R20/21/22,phrase.product_phrase_type_R,0,Schadelijk bij inademing; opname door de mond en aanraking met de huid.,
phrase.phrase_R20/22,0,R20/22,phrase.product_phrase_type_R,0,Schadelijk bij inademing en opname door de mond.,
phrase.phrase_R21,0,R21,phrase.product_phrase_type_R,0,Schadelijk bij aanraking met de huid.,
phrase.phrase_R21/22,0,R21/22,phrase.product_phrase_type_R,0,Schadelijk bij aanraking met de huid en bij opname door de mond.,
phrase.phrase_R22,0,R22,phrase.product_phrase_type_R,0,Schadelijk bij opname door de mond.,
phrase.phrase_R23,0,R23,phrase.product_phrase_type_R,0,Vergiftig bij inademing.,
phrase.phrase_R23/24,0,R23/24,phrase.product_phrase_type_R,0,Vergiftig bij inademing en bij aanraking met de huid.,
phrase.phrase_R23/24/25,0,R23/24/25,phrase.product_phrase_type_R,0,Vergiftig bij inademing; opname door de mond en aanraking met de huid.,
phrase.phrase_R23/25,0,R23/25,phrase.product_phrase_type_R,0,Vergiftig bij inademing en bij opname door de mond.,
phrase.phrase_R24,0,R24,phrase.product_phrase_type_R,0,Vergiftig bij aanraking met de huid.,
phrase.phrase_R24/25,0,R24/25,phrase.product_phrase_type_R,0,Vergiftig bij aanraking met de huid en bij opname door de mond,
phrase.phrase_R25,0,R25,phrase.product_phrase_type_R,0,Vergiftig bij opname door de mond.,
phrase.phrase_R26,0,R26,phrase.product_phrase_type_R,0,Zeer vergiftig bij inademing.,
phrase.phrase_R26/27,0,R26/27,phrase.product_phrase_type_R,0,Zeer vergiftig bij inademing en bij aanraking met de huid.,
phrase.phrase_R26/27/28,0,R26/27/28,phrase.product_phrase_type_R,0,Zeer vergiftig bij inademing; opname door de mond; aanraking met de huid.,
phrase.phrase_R26/28,0,R26/28,phrase.product_phrase_type_R,0,Zeer vergiftig bij inademing en opname door de mond.,
phrase.phrase_R27,0,R27,phrase.product_phrase_type_R,0,Zeer vergiftig bij aanraking met de huid.,
phrase.phrase_R27/28,0,R27/28,phrase.product_phrase_type_R,0,Zeer vergiftig bij aanraking met de huid en bij opname door de mond.,
phrase.phrase_R28,0,R28,phrase.product_phrase_type_R,0,Zeer vergiftig bij opname door de mond.,
phrase.phrase_R29,0,R29,phrase.product_phrase_type_R,0,Vormt vergiftig gas in contact met water.,
phrase.phrase_R3,0,R3,phrase.product_phrase_type_R,0,Ernstig ontploffingsgevaar door schok; wrijving; vuur of andere ontstekingsoorzaken.,
phrase.phrase_R30,0,R30,phrase.product_phrase_type_R,0,Kan bij gebruik licht ontvlambaar worden.,
phrase.phrase_R31,0,R31,phrase.product_phrase_type_R,0,Vormt vergiftige gassen in contact met zuren.,
phrase.phrase_R32,0,R32,phrase.product_phrase_type_R,0,Vormt zeer vergiftige gassen in contact met zuren.,
phrase.phrase_R33,0,R33,phrase.product_phrase_type_R,0,Gevaar voor cumulatieve effecten.,
phrase.phrase_R34,0,R34,phrase.product_phrase_type_R,0,Veroorzaakt brandwonden.,
phrase.phrase_R35,0,R35,phrase.product_phrase_type_R,0,Veroorzaakt ernstige brandwonden.,
phrase.phrase_R36,0,R36,phrase.product_phrase_type_R,0,Irriterend voor de ogen.,
phrase.phrase_R36/37,0,R36/37,phrase.product_phrase_type_R,0,Irriterend voor de ogen en de ademhalingswegen.,
phrase.phrase_R36/37/38,0,R36/37/38,phrase.product_phrase_type_R,0,Irriterend voor de ogen; de ademhalingswegen en de huid.,
phrase.phrase_R36/38,0,R36/38,phrase.product_phrase_type_R,0,Irriterend voor de ogen en de huid.,
phrase.phrase_R37,0,R37,phrase.product_phrase_type_R,0,Irriterend voor de ademhalingswegen.,
phrase.phrase_R37/38,0,R37/38,phrase.product_phrase_type_R,0,Irriterend voor de ademhalingswegen en de huid.,
phrase.phrase_R38,0,R38,phrase.product_phrase_type_R,0,Irriterend voor de huid.,
phrase.phrase_R39,0,R39,phrase.product_phrase_type_R,0,Gevaar voor ernstige onherstelbare effecten.,
phrase.phrase_R39/23,0,R39/23,phrase.product_phrase_type_R,0,Vergiftig: gevaar voor ernstige onherstelbare effecten bij inademing.,
phrase.phrase_R39/23/24,0,R39/23/24,phrase.product_phrase_type_R,0,Vergiftig: gevaar voor ernstige onherstelbare effecten bij inademing en aanraking met de huid.,
phrase.phrase_R39/23/24/25,0,R39/23/24/25,phrase.product_phrase_type_R,0,Vergiftig: gevaar voor ernstige onherstelbare effecten bij inademing; aanraking met de huid en opname door de mond.,
phrase.phrase_R39/23/25,0,R39/23/25,phrase.product_phrase_type_R,0,Vergiftig: gevaar voor ernstige onherstelbare effecten bij inademing en opname door de mond.,
phrase.phrase_R39/24,0,R39/24,phrase.product_phrase_type_R,0,Vergiftig: gevaar voor ernstige onherstelbare effecten bij aanraking met de huid.,
phrase.phrase_R39/24/25,0,R39/24/25,phrase.product_phrase_type_R,0,Vergiftig: gevaar voor ernstige onherstelbare effecten bij aanraking met de huid en opname door de mond.,
phrase.phrase_R39/25,0,R39/25,phrase.product_phrase_type_R,0,Vergiftig: gevaar voor ernstige onherstelbare effecten bij opname door de mond.,
phrase.phrase_R39/26,0,R39/26,phrase.product_phrase_type_R,0,Zeer vergiftig: gevaar voor ernstige onherstelbare effecten bij inademing.,
phrase.phrase_R39/26/27,0,R39/26/27,phrase.product_phrase_type_R,0,Zeer vergiftig: gevaar voor ernstige onherstelbare effecten bij inademing en aanraking met de huid.,
phrase.phrase_R39/26/27/28,0,R39/26/27/28,phrase.product_phrase_type_R,0,Zeer vergiftig: gevaar voor ernstige onherstelbare effecten bij inademing; aanraking met de huid en opname door de mond.,
phrase.phrase_R39/26/28,0,R39/26/28,phrase.product_phrase_type_R,0,Zeer vergiftig: gevaar voor ernstige onherstelbare effecten bij inademing en opname door de mond.,
phrase.phrase_R39/27,0,R39/27,phrase.product_phrase_type_R,0,Zeer vergiftig: gevaar voor ernstige onherstelbare effecten bij aanraking met de huid.,
phrase.phrase_R39/27/28,0,R39/27/28,phrase.product_phrase_type_R,0,Zeer vergiftig: gevaar voor ernstige onherstelbare effecten bij aanraking met de huid en opname door de mond.,
phrase.phrase_R39/28,0,R39/28,phrase.product_phrase_type_R,0,Zeer vergiftig: gevaar voor ernstige onherstelbare effecten bij opname door de mond.,
phrase.phrase_R4,0,R4,phrase.product_phrase_type_R,0,Vormt met metalen zeer gemakkelijk ontplofbare verbindingen.,
phrase.phrase_R40,0,R40,phrase.product_phrase_type_R,0,Onherstelbare effecten zijn niet uitgesloten.,
phrase.phrase_R40/20,0,R40/20,phrase.product_phrase_type_R,0,Schadelijk: bij inademing zijn onherstelbare effecten niet uitgesloten.,
phrase.phrase_R40/20/21,0,R40/20/21,phrase.product_phrase_type_R,0,Schadelijk: bij inademing en aanraking met de huid zijn onherstelbare effecten niet uitgesloten.,
phrase.phrase_R40/20/21/22,0,R40/20/21/22,phrase.product_phrase_type_R,0,Schadelijk: bij inademing; aanraking met de huid en opname door de mond zijn onherstelbare effecten niet uitgesloten.,
phrase.phrase_R40/20/22,0,R40/20/22,phrase.product_phrase_type_R,0,Schadelijk: bij inademing en opname door de mond zijn onherstelbare effecten niet uitgesloten.,
phrase.phrase_R40/21,0,R40/21,phrase.product_phrase_type_R,0,Schadelijk: bij aanraking met de huid zijn onherstelbare effecten niet uitgesloten.,
phrase.phrase_R40/21/22,0,R40/21/22,phrase.product_phrase_type_R,0,Schadelijk: bij aanraking met de huid en opname door de mond zijn onherstelbare effecten niet uitgesloten.,
phrase.phrase_R40/22,0,R40/22,phrase.product_phrase_type_R,0,Schadelijk: bij opname door de mond zijn onherstelbare effecten niet uitgesloten.,
phrase.phrase_R41,0,R41,phrase.product_phrase_type_R,0,Gevaar voor ernstig oogletsel.,
phrase.phrase_R42,0,R42,phrase.product_phrase_type_R,0,Kan overgevoeligheid veroorzaken bij inademing.,
phrase.phrase_R42/43,0,R42/43,phrase.product_phrase_type_R,0,Kan overgevoeligheid veroorzaken bij inademing of contact met de huid.,
phrase.phrase_R43,0,R43,phrase.product_phrase_type_R,0,Kan overgevoeligheid veroorzaken bij contact met de huid.,
phrase.phrase_R44,0,R44,phrase.product_phrase_type_R,0,Ontploffingsgevaar bij verwarming in afgesloten toestand.,
phrase.phrase_R45,0,R45,phrase.product_phrase_type_R,0,Kan kanker veroorzaken.,
phrase.phrase_R46,0,R46,phrase.product_phrase_type_R,0,Kan erfelijke genetische schade veroorzaken.,
phrase.phrase_R47,0,R47,phrase.product_phrase_type_R,0,Kan geboorteafwijkingen veroorzaken (vervallen; L 110 A; 4/5/93).,
phrase.phrase_R48,0,R48,phrase.product_phrase_type_R,0,Gevaar voor ernstige schade aan de gezondheid bij langdurige blootstelling.,
phrase.phrase_R48/20,0,R48/20,phrase.product_phrase_type_R,0,Schadelijk: gevaar voor ernstige schade aan de gezondheid bij langdurige blootstelling bij inademing.,
phrase.phrase_R48/20/21,0,R48/20/21,phrase.product_phrase_type_R,0,Schadelijk: gevaar voor ernstige schade aan de gezondheid bij langdurige blootstelling bij inademing en aanraking met de huid.,
phrase.phrase_R48/20/21/22,0,R48/20/21/22,phrase.product_phrase_type_R,0,Schadelijk: gevaar voor ernstige schade aan de gezondheid bij langdurige blootstelling bij inademing; aanraking met de huid en opname door de mond.,
phrase.phrase_R48/20/22,0,R48/20/22,phrase.product_phrase_type_R,0,Schadelijk: gevaar voor ernstige schade aan de gezondheid bij langdurige blootstelling bij inademing en opname door de mond.,
phrase.phrase_R48/21,0,R48/21,phrase.product_phrase_type_R,0,Schadelijk: gevaar voor ernstige schade aan de gezondheid bij langdurige blootstelling bij aanraking met de huid.,
phrase.phrase_R48/21/22,0,R48/21/22,phrase.product_phrase_type_R,0,Schadelijk: gevaar voor ernstige schade aan de gezondheid bij langdurige blootstelling bij aanraking met de huid en opname door de mond.,
phrase.phrase_R48/22,0,R48/22,phrase.product_phrase_type_R,0,Schadelijk: gevaar voor ernstige schade aan de gezondheid bij langdurige blootstelling bij opname door de mond.,
phrase.phrase_R48/23,0,R48/23,phrase.product_phrase_type_R,0,Vergiftig: gevaar voor ernstige schade aan de gezondheid bij langdurige blootstelling bij inademing.,
phrase.phrase_R48/23/24,0,R48/23/24,phrase.product_phrase_type_R,0,Vergiftig: gevaar voor ernstige schade aan de gezondheid bij langdurige blootstelling bij inademing en aanraking met de huid.,
phrase.phrase_R48/23/24/25,0,R48/23/24/25,phrase.product_phrase_type_R,0,Vergiftig: gevaar voor ernstige schade aan de gezondheid bij langdurige blootstelling bij inademing; aanraking met de huid en opname door de mond.,
phrase.phrase_R48/23/25,0,R48/23/25,phrase.product_phrase_type_R,0,Vergiftig: gevaar voor ernstige schade aan de gezondheid bij langdurige blootstelling bij inademing en opname door de mond.,
phrase.phrase_R48/24,0,R48/24,phrase.product_phrase_type_R,0,Vergiftig: gevaar voor ernstige schade aan de gezondheid bij langdurige blootstelling bij aanraking met de huid.,
phrase.phrase_R48/24/25,0,R48/24/25,phrase.product_phrase_type_R,0,Vergiftig: gevaar voor ernstige schade aan de gezondheid bij langdurige blootstelling bij aanraking met de huid en opname door de mond.,
phrase.phrase_R48/25,0,R48/25,phrase.product_phrase_type_R,0,Vergiftig: gevaar voor ernstige schade aan de gezondheid bij langdurige blootstelling bij opname door de mond.,
phrase.phrase_R49,0,R49,phrase.product_phrase_type_R,0,Kan kanker veroorzaken bij inademing.,
phrase.phrase_R5,0,R5,phrase.product_phrase_type_R,0,Ontploffingsgevaar door verwarming.,
phrase.phrase_R50,0,R50,phrase.product_phrase_type_R,0,Zeer vergiftig voor in het water levende organismen.,
phrase.phrase_R50/53,0,R50/53,phrase.product_phrase_type_R,0,Zeer vergiftig voor in het water levende organismen: kan in het aquatisch milieu op lange termijn schadelijke effecten veroorzaken.,
phrase.phrase_R51,0,R51,phrase.product_phrase_type_R,0,Vergiftig voor in het water levende organismen.,
phrase.phrase_R51/53,0,R51/53,phrase.product_phrase_type_R,0,Vergiftig voor in het water levende organismen: kan in het aquatisch milieu op lange termijn schadelijke effecten veroorzaken.,
phrase.phrase_R52,0,R52,phrase.product_phrase_type_R,0,Schadelijk voor in het water levende organismen.,
phrase.phrase_R52/53,0,R52/53,phrase.product_phrase_type_R,0,Schadelijk voor in het water levende organismen: kan in het aquatisch milieu op lange termijn schadelijke effecten veroorzaken.,
phrase.phrase_R53,0,R53,phrase.product_phrase_type_R,0,Kan in het aquatisch milieu op lange termijn schadelijke effecten veroorzaken.,
phrase.phrase_R54,0,R54,phrase.product_phrase_type_R,0,Vergiftig voor planten.,
phrase.phrase_R55,0,R55,phrase.product_phrase_type_R,0,Vergiftig voor dieren.,
phrase.phrase_R56,0,R56,phrase.product_phrase_type_R,0,Vergiftig voor bodemorganismen.,
phrase.phrase_R57,0,R57,phrase.product_phrase_type_R,0,Vergiftig voor bijen.,
phrase.phrase_R58,0,R58,phrase.product_phrase_type_R,0,Kan in het milieu op lange termijn schadelijke effecten veroorzaken.,
phrase.phrase_R59,0,R59,phrase.product_phrase_type_R,0,Gevaarlijk voor de ozonlaag.,
phrase.phrase_R6,0,R6,phrase.product_phrase_type_R,0,Ontplofbaar met en zonder lucht.,
phrase.phrase_R60,0,R60,phrase.product_phrase_type_R,0,Kan de vruchtbaarheid schaden.,
phrase.phrase_R61,0,R61,phrase.product_phrase_type_R,0,Kan het ongeboren kind schaden.,
phrase.phrase_R62,0,R62,phrase.product_phrase_type_R,0,Mogelijk gevaar voor verminderde vruchtbaarheid.,
phrase.phrase_R63,0,R63,phrase.product_phrase_type_R,0,Mogelijk gevaar voor beschadiging van het ongeboren kind.,
phrase.phrase_R64,0,R64,phrase.product_phrase_type_R,0,Kan schadelijk zijn via de borstvoeding.,
phrase.phrase_R65,0,R65,phrase.product_phrase_type_R,0,Schadelijk. Kan longschade veroorzaken na verslikken.,
phrase.phrase_R66,0,R66,phrase.product_phrase_type_R,0,Herhaalde blootstelling kan een droge of gebarsten huid veroorzaken,
phrase.phrase_R67,0,R67,phrase.product_phrase_type_R,0,Dampen kunnen slaperigheid en duizeligheid veroorzaken,
phrase.phrase_R68,0,R68,phrase.product_phrase_type_R,0,Onherstelbare effecten effecten zijn niet uitgesloten,
phrase.phrase_R7,0,R7,phrase.product_phrase_type_R,0,Kan brand veroorzaken.,
phrase.phrase_R8,0,R8,phrase.product_phrase_type_R,0,Bevordert de ontbranding van brandbare stoffen.,
phrase.phrase_R9,0,R9,phrase.product_phrase_type_R,0,Ontploffingsgevaar bij menging met brandbare stoffen.,
phrase.phrase_S1,0,S1,phrase.product_phrase_type_S,0,Achter slot bewaren.,
phrase.phrase_S1/2,0,S1/2,phrase.product_phrase_type_S,0,Achter slot en buiten bereik van kinderen bewaren.,
phrase.phrase_S12,0,S12,phrase.product_phrase_type_S,0,De verpakking niet hermetisch sluiten.,
phrase.phrase_S13,0,S13,phrase.product_phrase_type_S,0,Verwijderd houden van eet- en drinkwaren en van dierenvoeder.,
phrase.phrase_S14,0,S14,phrase.product_phrase_type_S,0,Verwijderd houden van ....,
phrase.phrase_S15,0,S15,phrase.product_phrase_type_S,0,Verwijderd houden van warmte.,
phrase.phrase_S16,0,S16,phrase.product_phrase_type_S,0,Verwijderd houden van ontstekingsbronnen - Niet roken.,
phrase.phrase_S17,0,S17,phrase.product_phrase_type_S,0,Verwijderd houden van brandbare stoffen.,
phrase.phrase_S18,0,S18,phrase.product_phrase_type_S,0,Verpakking voorzichtig behandelen en openen.,
phrase.phrase_S2,0,S2,phrase.product_phrase_type_S,0,Buiten bereik van kinderen bewaren.,
phrase.phrase_S20,0,S20,phrase.product_phrase_type_S,0,Niet eten of drinken tijdens gebruik.,
phrase.phrase_S20/21,0,S20/21,phrase.product_phrase_type_S,0,Niet eten; drinken of roken tijdens gebruik.,
phrase.phrase_S21,0,S21,phrase.product_phrase_type_S,0,Niet roken tijdens gebruik.,
phrase.phrase_S22,0,S22,phrase.product_phrase_type_S,0,Stof niet inademen.,
phrase.phrase_S23,0,S23,phrase.product_phrase_type_S,0,... niet inademen.,
phrase.phrase_S24,0,S24,phrase.product_phrase_type_S,0,Aanraking met de huid vermijden.,
phrase.phrase_S24/25,0,S24/25,phrase.product_phrase_type_S,0,Aanraking met de ogen en de huid vermijden.,
phrase.phrase_S25,0,S25,phrase.product_phrase_type_S,0,Aanraking met de ogen vermijden.,
phrase.phrase_S26,0,S26,phrase.product_phrase_type_S,0,Bij aanraking met de ogen onmiddellijk met overvloedig water afspoelen en deskundig medisch advies inwinnen.,
phrase.phrase_S27,0,S27,phrase.product_phrase_type_S,0,Verontreinigde kleding onmiddellijk uittrekken.,
phrase.phrase_S28,0,S28,phrase.product_phrase_type_S,0,Na aanraking met de huid onmiddellijk wassen met veel ....,
phrase.phrase_S29,0,S29,phrase.product_phrase_type_S,0,Afval niet in de gootsteen werpen.,
phrase.phrase_S29/56,0,S29/56,phrase.product_phrase_type_S,0,Afval niet in de gootsteen werpen.,
phrase.phrase_S3,0,S3,phrase.product_phrase_type_S,0,Op een koele plaats bewaren.,
phrase.phrase_S3/14,0,S3/14,phrase.product_phrase_type_S,0,Bewaren op een koele plaats verwijderd van ....,
phrase.phrase_S3/7,0,S3/7,phrase.product_phrase_type_S,0,Gesloten verpakking op een koele plaats bewaren.,
phrase.phrase_S3/9/14,0,S3/9/14,phrase.product_phrase_type_S,0,Bewaren op een koele; goed geventileerde plaats verwijderd van ....,
phrase.phrase_S3/9/14/49,0,S3/9/14/49,phrase.product_phrase_type_S,0,Uitsluitend in de oorspronkelijke verpakking bewaren op een koele goed geventileerde plaats verwijderd van ....,
phrase.phrase_S3/9/49,0,S3/9/49,phrase.product_phrase_type_S,0,Uitsluitend in de oorspronkelijke verpakking bewaren op een koele goed geventileerde plaats.,
phrase.phrase_S30,0,S30,phrase.product_phrase_type_S,0,Nooit water op deze stof gieten.,
phrase.phrase_S33,0,S33,phrase.product_phrase_type_S,0,Maatregelen treffen tegen ontladingen van statische elektriciteit.,
phrase.phrase_S34,0,S34,phrase.product_phrase_type_S,0,Schok en wrijving vermijden (vervallen; L 110 A; 4/5/93),
phrase.phrase_S35,0,S35,phrase.product_phrase_type_S,0,Deze stof en de verpakking op veilige wijze afvoeren.,
phrase.phrase_S36,0,S36,phrase.product_phrase_type_S,0,Draag geschikte beschermende kleding.,
phrase.phrase_S36/37,0,S36/37,phrase.product_phrase_type_S,0,Draag geschikte handschoenen en beschermende kleding.,
phrase.phrase_S36/37/39,0,S36/37/39,phrase.product_phrase_type_S,0,Draag geschikte beschermende kleding; handschoenen en een beschermingsmiddel voor de ogen/voor het gezicht.,
phrase.phrase_S36/39,0,S36/39,phrase.product_phrase_type_S,0,Draag geschikte beschermende kleding en een beschermingsmiddel voor de ogen/het gezicht.,
phrase.phrase_S37,0,S37,phrase.product_phrase_type_S,0,Draag geschikte handschoenen.,
phrase.phrase_S37/39,0,S37/39,phrase.product_phrase_type_S,0,Draag geschikte handschoenen en een beschermingsmiddel voor de ogen/het gezicht.,
phrase.phrase_S38,0,S38,phrase.product_phrase_type_S,0,Bij ontoereikende ventilatie een geschikte ademhalingsbescherming dragen.,
phrase.phrase_S39,0,S39,phrase.product_phrase_type_S,0,Een bescherming voor de ogen/voor het gezicht dragen.,
phrase.phrase_S4,0,S4,phrase.product_phrase_type_S,0,Verwijderd van woonruimten opbergen.,
phrase.phrase_S40,0,S40,phrase.product_phrase_type_S,0,Voor de reiniging van de vloer en alle voorwerpen verontreinigd met dit materiaal ... gebruiken.,
phrase.phrase_S41,0,S41,phrase.product_phrase_type_S,0,In geval van brand en/of explosie inademen van rook vermijden.,
phrase.phrase_S42,0,S42,phrase.product_phrase_type_S,0,Tijdens de ... een geschikte ademhalingsbescherming dragen.,
phrase.phrase_S43,0,S43,phrase.product_phrase_type_S,0,In geval van brand ... gebruiken.,
phrase.phrase_S44,0,S44,phrase.product_phrase_type_S,0,Indien men zich onwel voelt een arts raadplegen (indien mogelijk hem dit etiket tonen) (vervallen; L 110 A; 4/5/93).,
phrase.phrase_S45,0,S45,phrase.product_phrase_type_S,0,Bij een ongeval of indien men zich onwel voelt; onmiddellijk een arts raadplegen (indien mogelijk hem dit etiket tonen).,
phrase.phrase_S46,0,S46,phrase.product_phrase_type_S,0,In geval van inslikken onmiddellijk een arts raadplegen en verpakking of etiket tonen.,
phrase.phrase_S47,0,S47,phrase.product_phrase_type_S,0,Bewaren bij een temperatuur beneden ... °C.,
phrase.phrase_S47/49,0,S47/49,phrase.product_phrase_type_S,0,Uitsluitend in de oorspronkelijke verpakking bewaren bij een temperatuur beneden ... °C.,
phrase.phrase_S48,0,S48,phrase.product_phrase_type_S,0,Inhoud vochtig houden met ....,
phrase.phrase_S49,0,S49,phrase.product_phrase_type_S,0,Uitsluitend in de oorspronkelijke verpakking bewaren.,
phrase.phrase_S5,0,S5,phrase.product_phrase_type_S,0,Onder ... houden (geschikte vloeistof).,
phrase.phrase_S50,0,S50,phrase.product_phrase_type_S,0,Niet vermengen met ....,
phrase.phrase_S51,0,S51,phrase.product_phrase_type_S,0,Uitsluitend op goed geventileerde plaatsen gebruiken.,
phrase.phrase_S52,0,S52,phrase.product_phrase_type_S,0,Niet voor gebruik op grote oppervlakken in woon- en verblijfruimten.,
phrase.phrase_S53,0,S53,phrase.product_phrase_type_S,0,Blootstelling vermijden - voor gebruik speciale aanwijzingen raadplegen.,
phrase.phrase_S54,0,S54,phrase.product_phrase_type_S,0,Vraag de toestemming van milieubeschermingsinstanties alvorens af te voeren naar rioolwaterzuiveringsinstallaties (vervallen; L 110 A; 4/5/93).,
phrase.phrase_S55,0,S55,phrase.product_phrase_type_S,0,Met de best beschikbare technieken behandelen alvorens in riool of het aquatisch milieu te lozen (vervallen; L 110 A; 4/5/93).,
phrase.phrase_S56,0,S56,phrase.product_phrase_type_S,0,Deze stof en de verpakking naar inzamelpunt voor gevaarlijk of bijzonder afval brengen.,
phrase.phrase_S57,0,S57,phrase.product_phrase_type_S,0,Neem passende maatregelen om verspreiding in het milieu te voorkomen.,
phrase.phrase_S58,0,S58,phrase.product_phrase_type_S,0,Als gevaarlijk afval afvoeren (vervallen; L 110 A; 4/5/93).,
phrase.phrase_S59,0,S59,phrase.product_phrase_type_S,0,Raadpleeg fabrikant/leverancier voor informatie over terugwinning/recycling.,
phrase.phrase_S6,0,S6,phrase.product_phrase_type_S,0,Onder ... houden (inert gas).,
phrase.phrase_S60,0,S60,phrase.product_phrase_type_S,0,Deze stof en de verpakking als gevaarlijk afval afvoeren.,
phrase.phrase_S61,0,S61,phrase.product_phrase_type_S,0,Voorkom lozing in het milieu. Vraag om speciale instrukties/veiligheidskaart.,
phrase.phrase_S62,0,S62,phrase.product_phrase_type_S,0,Bij inslikken niet het braken opwekken; direct een arts raadplegen en de verpakking of het etiket tonen.,
phrase.phrase_S7,0,S7,phrase.product_phrase_type_S,0,In goed gesloten verpakking bewaren.,
phrase.phrase_S7/47,0,S7/47,phrase.product_phrase_type_S,0,Gesloten verpakking bewaren bij een temperatuur beneden ... °C.,
phrase.phrase_S7/8,0,S7/8,phrase.product_phrase_type_S,0,Drooghouden en in een goed gesloten verpakking bewaren.,
phrase.phrase_S7/9,0,S7/9,phrase.product_phrase_type_S,0,Gesloten verpakking op een goed geventileerde plaats bewaren.,
phrase.phrase_S8,0,S8,phrase.product_phrase_type_S,0,Verpakking droog houden.,
phrase.phrase_S9,0,S9,phrase.product_phrase_type_S,0,Op een goed geventileerde plaats bewaren.,
phrase.phrase_geen,1,geen,phrase.product_phrase_type_X,0,geen gevarenzinnen van toepassing,
